Tokenized by nltk.word_tokenize 
Token analysis before pre-processing 
Raw number of tokens: 3659
Raw number of types: 1112
Raw Type token ratio: 0.30390817163159334

Applied pre-processing:
Lowercased all tokens 
Tokens below minimum length: 3 filtered out

Punctuation filtered out ['!', '"', '#', '$', '&', '(', ')', '*', '+', ',', '-', '.', '/', ':', ';', '<', '=', '>', '?', '@', '[', ']', '^', '_', '`', '{', '|', '}', '~', '“', '’', '”', '—', "'"]
Words filtered out: ['facebooktwitteremail', '']

Applied filters:
Using stopwords filter = True
Using lemmatizer = False
Using stemmer = False

Token analysis after pre-processing 
Number of tokens: 5028
Number of types: 4260
Type token ratio: 0.847255369928401

Used nouns, verbs and adjectives in article: 
(tokens separated by whitespace) 
('NN', 'kenley, jansen, model, reliever, nate, silver, baseball, get, github, github, kenley, jansen, highleverage, year, gossage, baseball, postseason, spring, pitching, statistic, egg, gossage, halloffame, reliever, record, goose, egg, clutch, scoreless, relief, article, definition, goose, correlation, probability, companion, broken, egg, year, leader, goose, league, leader, seattle, year, goose, egg, situation, result, egg, egg, corey, egg, goose, egg, pitcher▲▼, team▲▼, eggs▲▼, mehs▲▼, gwar▲▼, corey, knebel, mil, kenley, jansen, lad, sea, colome, brad, hand, felipe, rivero, pit, addison, brandon, kintzler, minwas, rodney, ari, cle, raisel, cin, craig, kimbrel, bos, archie, bradley, ari, hector, phi, brad, brach, roberto, osuna, tor, chc, tommy, hunter, bryan, shaw, cle, cody, cle, joakim, soria, pat, colphi, vincent, sea, david, robertson, chwnyy, arodys, vizcaino, greg, holland, col, kelvin, herrera, sam, dyson, sftex, claudio, tex, hunter, strickland, michael, cin, jacob, devenski, hou, ryan, tepera, tor, trevor, rosenthal, doolittle, oakwas, anthony, swarzak, chwmil, ryan, madson, justin, wilson, chcdet, dellin, petit, parker, laa, watson, ladpit, ramos, mianym, seunghwan, stl, matt, belisle, min, mia, juan, phipit, carl, treinen, greene, det, ramirez, atl, joe, smith, cletor, strop, chc, aroldis, chapman, matthew, bowman, stl, jim, johnson, maurer, britton, bal, mychal, harris, hou, jerry, taylor, laa, matt, joaquin, benoit, phipit, tex, casilla, oak, luis, garcia, phi, tommy, kahnle, chwnyy, david, dunn, col, david, hernandez, arilaa, matt, cin, brett, cecil, jake, mcgee, col, mark, melancon, buchter, kcsd, koji, chc, mike, montgomery, chc, danny, farquhar, chwtb, enny, romero, tazawa, mia, pedro, baez, day, chris, rusin, col, sea, cam, laa, adam, ottavino, col, wilson, det, sam, cory, gearrin, brad, ziegler, mia, joe, josh, hader, mil, brandon, morrow, jorge, rosa, ari, liam, george, paul, sewald, nym, mia, derek, law, tyler, hector, rondon, chc, tyler, duffey, min, marc, rzepczynski, sea, peter, moylan, minaya, chw, cishek, seatb, middleton, laa, tex, adam, warren, heath, hembree, bos, feliz, kcmil, luke, gregerson, hou, ross, tyler, clippard, chwhou, castro, bal, adam, joe, biagini, tor, trevor, hildenberger, min, leone, tor, jose, hansel, chris, hatcher, ladoak, edubray, ramos, phi, joe, hou, koda, glover, jeurys, familia, josh, smoker, scott, alexander, tony, zych, sea, daniel, hudson, pit, fernando, tor, tor, erasmo, ramirez, scott, col, brandon, workman, bos, deolis, guerra, laa, jeanmar, gomez, phi, cingrani, cinlad, jose, tex, tony, barnette, tex, maton, jake, diekman, boyer, holder, nyy, perez, wittgren, mia, chasen, nyy, mcfarland, ari, krol, atl, shawn, kelley, hoover, oak, sergio, romo, ladtb, chase, whitley, carlos, avilan, diaz, josh, hector, velazquez, randall, delgado, jarlin, garcia, mia, robby, scott, bos, jacob, turner, phi, josh, edgin, aaron, loup, tor, pit, ellington, mia, jose, laa, jose, ari, verrett, bal, austin, brice, cin, nate, justin, grimm, chc, dustin, mcgowan, mia, doug, fister, bos, hart, richard, bleier, austin, pruitt, cin, sammy, solis, josh, bruce, rondon, det, dan, altavilla, sea, wood, cin, joe, blanton, albert, suarez, jason, grilli, textor, brad, boxberger, drake, mil, sam, tuivailala, stl, aaron, bummer, chw, daniel, coulombe, oak, carlos, estevez, col, matt, dermody, tor, jimmy, yacabonis, bal, alan, morris, chasen, bradford, nym, jenho, tseng, chc, wood, lad, asher, bal, mike, bolsinger, tor, tom, koehler, tor, chris, rowley, tor, det, buddy, baumann, john, brebbia, stl, greg, infante, chw, jhan, marinez, milpit, casey, fien, phisea, travis, wood, rex, emilio, sea, francisco, rodriguez, det, dan, otero, cle, tyler, olson, cle, carson, smith, bos, austin, maddox, bos, dario, alvarez, junis, trevor, cahill, barrett, ari, zach, putnam, chw, cin, schugel, pit, blach, jamie, callahan, brock, stewart, lad, jordan, tor, det, kittredge, eduardo, josh, smith, oak, flaherty, atl, jason, motte, atl, grace, victor, arano, phi, robert, gsellman, jacob, rhame, ricardo, rodriguez, chw, simon, oak, francisco, liriano, hou, robert, stephenson, cin, ryan, sherriff, stl, matt, strahm, leblanc, pit, daniel, stumpf, det, jeremy, jeffress, miltex, dan, boone, cle, tyler, anderson, col, ben, taylor, bos, price, ross, bos, tanner, heller, nyy, chris, kevin, dillon, gee, min, gabriel, moya, min, jimmie, sherfy, morin, laa, yovani, gallardo, sea, brad, peacock, hou, jackson, luke, jackson, cole, matt, cain, miguel, stl, mcgrath, kyle, crick, felix, pena, chc, dillon, despaigne, mia, mia, tyler, chatwood, col, caleb, smith, nyy, jeff, beliveau, tor, tyler, wilson, justin, haley, min, warwick, tom, wilhelmsen, ari, frankie, michael, feliz, hou, sipp, hou, rob, scahill, amir, garrett, cin, dan, winkler, atl, minter, atl, hoby, milner, zach, duke, stl, grant, dayton, guerra, mia, josh, ravin, zach, mcallister, cle, alburquerque, chwkc, jesse, chavez, laa, john, axford, peralta, mil, kevin, shackelford, cin, ricardo, phi, erik, goeddel, nym, jonathan, broxton, stl, blaine, hardy, det, rafael, montero, akeel, morris, atl, det, brent, suter, mil, bell, det, dan, runzler, pit, gabriel, ynoa, justin, nicolino, mia, lucas, harrell, tor, pelfrey, chw, parker, bridwell, goldberg, chw, ariel, hernandez, cin, reymin, hou, troy, scribner, bibensdirkx, tex, tim, mayza, tor, clevinger, cle, goody, cle, ernesto, frieri, tex, bryan, mitchell, herrera, nyy, howell, tor, jayson, aquino, stefan, chrichton, bal, vidal, nuno, craig, clemin, hector, rubby, rosa, chase, jong, sea, bergman, sea, diego, moreno, ryne, stanek, cedeno, sam, moll, oak, jandel, bastardo, pit, johnny, barbato, pit, tyler, glasnow, mark, leiter, phi, miguel, diaz, ramirez, tyler, pill, adam, conley, mia, vance, worley, mia, nyy, buddy, lawrence, seator, joe, jimenez, det, adam, beck, chw, evan, scribner, sea, ramirez, laa, shae, adleman, cin, josh, collmenter, garton, seatb, source, seamheadscom, standpoint, season, diaz, los, jansen, record, goose, egg, season, kenley, jansen, season, singleseason, replacement, gwar, year, goose, mehs, gwar, stu, miller, gossage, mariano, rivera, ron, perranoski, troy, percival, willie, hernandez, kenley, jansen, doug, corbett, sparky, baseball, gauge, jansen, exception, rule, value, pitch, season, model, gossagelike, usage, postseason, jansen, season, relief, instance, chicago, cubs, nlcs, egg, pace, season, jansen, season, way, postseason, help, usage, season, rest, world, series, time, percent, season, percent, postseason, increase, median, resume, hunt, year, download, the model, modern reliever, reliever nate, nate silver, baseball get, get the, the data, data github, github github, github data, data datagoose, datagoose kenley, kenley jansen, jansen was, harry how, didn our, our new, goose gossage, gossage but, get glimpse, what one, might look, like baseball, justconcluded postseason, postseason this, called the, the goose, goose egg, honor gossage, gossage the, the halloffame, halloffame reliever, reliever who, had record, record goose, goose egg, for every, every clutch, clutch scoreless, scoreless relief, original article, article for, for more, formal definition, definition goose, better correlation, correlation with, win probability, their companion, statistic the, the broken, broken egg, major leader, leader goose, the milwaukee, corey knebel, knebel who, with them, them the, american league, league leader, edwin diaz, diaz who, can find, complete rundown, rundown this, final goose, table below, below broken, broken egg, the blown, any situation, situation which, which doesn, doesn result, result either, goose egg, broken egg, egg corey, golden egg, goose egg, pitcher▲▼ team▲▼, goose eggs▲▼, eggs▲▼ mehs▲▼, mehs▲▼ gwar▲▼, gwar▲▼ corey, corey knebel, knebel mil, mil kenley, kenley jansen, jansen lad, diaz sea, alex colome, colome brad, brad hand, hand felipe, felipe rivero, rivero pit, pit addison, bosnym brandon, brandon kintzler, kintzler minwas, minwas fernando, fernando rodney, rodney ari, miller cle, cle raisel, raisel iglesias, cin craig, craig kimbrel, bradley ari, ari hector, hector neris, phi brad, brad brach, bal roberto, roberto osuna, osuna tor, davis chc, chc tommy, tommy hunter, hunter bryan, bryan shaw, shaw cle, cle cody, allen cle, cle joakim, joakim soria, soria pat, pat neshek, nick vincent, vincent sea, sea david, david robertson, robertson chwnyy, chwnyy mike, mike minor, minor arodys, arodys vizcaino, vizcaino atl, atl greg, greg holland, holland col, col kelvin, kelvin herrera, herrera sam, sam dyson, dyson sftex, alex claudio, claudio tex, tex hunter, hunter strickland, strickland michael, michael lorenzen, lorenzen cin, cin jacob, chris devenski, devenski hou, hou ryan, ryan tepera, tepera tor, tor trevor, sean doolittle, doolittle oakwas, oakwas anthony, anthony swarzak, swarzak chwmil, chwmil ryan, ryan madson, madson oakwas, justin wilson, wilson chcdet, chcdet dellin, yusmeiro petit, blake parker, parker laa, laa tony, tony watson, watson ladpit, ramos mianym, mianym seunghwan, seunghwan stl, matt belisle, belisle min, barraclough mia, mia juan, juan nicasio, phipit carl, blake treinen, treinen oakwas, shane greene, greene det, jose ramirez, ramirez atl, atl joe, joe smith, smith cletor, cletor pedro, pedro strop, strop chc, chc aroldis, aroldis chapman, chapman nyy, matthew bowman, bowman stl, stl jim, jim johnson, johnson atl, brandon maurer, maurer kcsd, zach britton, britton bal, bal mychal, bal will, harris hou, hou jerry, nym taylor, bud norris, benoit phipit, phipit matt, matt bush, bush tex, santiago casilla, casilla oak, garcia phi, phi tommy, tommy kahnle, kahnle chwnyy, chwnyy david, phelps miasea, miasea mike, mike dunn, dunn col, col david, david hernandez, hernandez arilaa, arilaa matt, wandy peralta, peralta cin, cin brett, brett cecil, stl jake, jake mcgee, mcgee col, col mark, mark melancon, ryan buchter, buchter kcsd, kcsd koji, koji uehara, chc mike, mike montgomery, montgomery chc, chc danny, danny farquhar, farquhar chwtb, chwtb enny, enny romero, romero was, junichi tazawa, tazawa mia, mia pedro, pedro baez, baez lad, lad darren, darren day, bal chris, chris rusin, rusin col, pazos sea, sea cam, bedrosian laa, laa adam, adam ottavino, ottavino col, alex wilson, wilson det, det sam, sam freeman, cory gearrin, gearrin brad, brad ziegler, ziegler mia, mia joe, josh hader, hader mil, mil brandon, brandon morrow, morrow lad, lad jorge, jorge rosa, rosa ari, ari liam, hendriks oak, oak george, george kontos, kontos pitsf, pitsf paul, paul sewald, sewald nym, steckenrider mia, mia derek, derek law, law tyler, stl hector, hector rondon, chc tyler, tyler duffey, duffey min, min marc, marc rzepczynski, rzepczynski sea, sea peter, peter moylan, juan minaya, minaya chw, steve cishek, cishek seatb, kenyan middleton, middleton laa, kela tex, tex adam, adam warren, warren nyy, mil heath, heath hembree, hembree bos, bos neftali, feliz kcmil, kcmil luke, luke gregerson, gregerson hou, hou ross, lad tyler, tyler clippard, clippard chwhou, chwhou miguel, miguel castro, bal adam, morgan phi, phi joe, joe biagini, biagini tor, tor trevor, trevor hildenberger, hildenberger min, dominic leone, leone tor, jose alvarado, alvarado hansel, hatcher ladoak, ladoak edubray, edubray ramos, ramos phi, phi joe, joe musgrove, musgrove hou, kevin siegrist, siegrist phistl, phistl koda, koda glover, glover was, was jeurys, jeurys familia, familia nym, josh smoker, smoker nym, nym scott, scott alexander, alexander tony, tony zych, zych sea, sea daniel, daniel hudson, hudson pit, pit fernando, barnes tor, tor carlos, carlos ramirez, ramirez tor, tor erasmo, erasmo ramirez, ramirez scott, scott oberg, oberg col, col brandon, brandon workman, workman bos, bos deolis, deolis guerra, guerra laa, laa jeanmar, jeanmar gomez, gomez phi, phi tony, tony cingrani, cingrani cinlad, jose leclerc, leclerc tex, tex tony, tony barnette, barnette tex, phil maton, okert jake, jake diekman, blaine boyer, jonathan holder, holder nyy, nyy mcfarland, mcfarland ari, ian krol, krol atl, atl shawn, shawn kelley, kelley was, hoover ari, ryan dull, dull oak, oak sergio, sergio romo, romo ladtb, brian duensing, duensing chc, chc chase, chase whitley, whitley carlos, luis avilan, jumbo diaz, diaz josh, lad hector, hector velazquez, bos randall, randall delgado, delgado ari, ari fernando, fernando abad, bos jarlin, jarlin garcia, garcia mia, mia robby, robby scott, scott bos, bos jacob, jacob turner, turner was, rodriguez phi, phi josh, josh edgin, edgin nym, nym aaron, aaron loup, loup tor, brian ellington, ellington mia, jose alvarez, alvarez laa, chafin ari, verrett bal, bal austin, austin brice, brice cin, cin nate, chw francis, justin grimm, grimm chc, chc dustin, dustin mcgowan, mcgowan mia, mia doug, doug fister, donnie hart, bal richard, richard bleier, bal austin, austin pruitt, storen cin, cin sammy, sammy solis, solis was, was josh, josh osich, bruce rondon, rondon det, det dan, dan altavilla, altavilla sea, blake wood, wood cin, joe blanton, blanton was, albert suarez, suarez jason, jason grilli, grilli textor, textor brad, brad boxberger, drake mil, mil sam, sam tuivailala, tuivailala stl, stl aaron, aaron bummer, bummer chw, chw daniel, daniel coulombe, coulombe oak, oak carlos, carlos estevez, estevez col, col matt, matt dermody, dermody tor, tor jimmy, jimmy yacabonis, bal alan, busenitz min, bryan morris, morris chasen, chasen bradford, bradford nym, jenho tseng, tseng chc, alex wood, wood lad, bal mike, mike bolsinger, bolsinger tor, tor tom, tom koehler, koehler tor, tor chris, chris rowley, rowley tor, verhagen det, det buddy, buddy baumann, baumann john, john brebbia, brebbia stl, green nyy, nyy greg, greg infante, infante chw, chw jhan, jhan marinez, marinez milpit, milpit casey, casey fien, fien phisea, phisea travis, travis wood, wood rex, pagan sea, sea francisco, francisco rodriguez, rodriguez det, det dan, dan otero, otero cle, cle tyler, tyler olson, olson cle, cle carson, carson smith, smith bos, bos austin, maddox bos, bos dario, dario alvarez, jake junis, junis trevor, trevor cahill, jake barrett, ari zach, zach putnam, putnam chw, chw asher, asher wojciechowski, wojciechowski cin, cin schugel, schugel pit, pit blach, blach jamie, jamie callahan, callahan nym, brock stewart, stewart lad, col jordan, luis santos, santos tor, ryan det, laa josh, josh smith, smith oak, eric flaherty, flaherty atl, atl jason, jason motte, motte atl, matt grace, grace was, was victor, victor arano, arano phi, phi robert, robert gsellman, gsellman nym, jacob rhame, rhame nym, ricardo rodriguez, petricka chw, chw simon, simon castro, castro oak, francisco liriano, liriano hou, hou robert, robert stephenson, stephenson cin, cin ryan, ryan sherriff, sherriff stl, stl matt, matt strahm, wade leblanc, leblanc pit, pit daniel, daniel stumpf, stumpf det, det jeremy, jeremy jeffress, jeffress miltex, miltex dan, chwtb boone, logan cle, cle tyler, tyler anderson, anderson col, col ben, ben taylor, taylor bos, bos david, david price, price bos, bos robbie, robbie ross, ross bos, bos tanner, ben heller, heller nyy, chris young, young kevin, kevin mccarthy, mccarthy dillon, dillon gee, gee min, min gabriel, gabriel moya, moya min, min jimmie, jimmie sherfy, sherfy ari, jean machi, machi sea, sea mike, mike morin, morin laa, laa yovani, yovani gallardo, gallardo sea, sea brad, brad peacock, peacock hou, hou jackson, cin luke, luke jackson, jackson atl, atl cole, cole was, was matt, matt cain, cain miguel, miguel socolovich, kyle mcgrath, mcgrath kyle, kyle crick, crick felix, felix pena, pena chc, chc dillon, odrisamer despaigne, despaigne mia, mia chris, grady mia, mia tyler, tyler chatwood, chatwood col, col caleb, caleb smith, smith nyy, nyy jeff, jeff beliveau, beliveau tor, tor tyler, tyler wilson, bal justin, justin haley, haley min, min warwick, det tom, tom wilhelmsen, wilhelmsen ari, ari frankie, hoyt hou, hou michael, michael feliz, feliz hou, hou tony, tony sipp, sipp hou, hou rob, rob scahill, amir garrett, garrett cin, cin dan, dan winkler, winkler atl, atl minter, minter atl, atl hoby, hoby milner, phi zach, zach duke, duke stl, grant dayton, dayton lad, javy guerra, guerra mia, mia josh, josh ravin, ravin lad, zach mcallister, mcallister cle, cle alburquerque, alburquerque chwkc, chwkc jesse, jesse chavez, chavez laa, laa john, john axford, peralta mil, mil kevin, kevin shackelford, shackelford cin, cin ricardo, ricardo pinto, pinto phi, phi erik, erik goeddel, goeddel nym, jonathan broxton, broxton stl, stl kevin, kevin quackenbush, quackenbush blaine, blaine hardy, hardy det, det rafael, rafael montero, montero nym, nym akeel, morris atl, romine det, det brent, brent suter, suter mil, chad bell, bell det, det dan, dan runzler, runzler pit, pit gabriel, gabriel ynoa, bal justin, justin nicolino, nicolino mia, mia lucas, lucas harrell, harrell tor, mike pelfrey, pelfrey chw, chw parker, parker bridwell, bridwell laa, laa brad, brad goldberg, goldberg chw, chw ariel, ariel hernandez, hernandez cin, cin reymin, guduan hou, hou troy, troy scribner, bibensdirkx tex, tex tim, tim mayza, mayza tor, mike clevinger, clevinger cle, cle nick, nick goody, goody cle, cle ernesto, ernesto frieri, frieri tex, tex bryan, bryan mitchell, ronald herrera, herrera nyy, howell tor, tor jayson, jayson aquino, bal stefan, stefan chrichton, chrichton bal, bal vidal, vidal nuno, bal craig, craig breslow, breslow clemin, clemin hector, hector santiago, santiago min, min rubby, rubby rosa, rosa ari, ari chase, jong sea, christian bergman, bergman sea, sea diego, diego moreno, moreno ryne, ryne stanek, cedeno sam, sam moll, moll oak, oak jandel, antonio bastardo, bastardo pit, pit johnny, johnny barbato, barbato pit, pit tyler, tyler glasnow, glasnow pit, pit mark, mark leiter, leiter phi, phi miguel, miguel diaz, diaz neil, ramirez nym, nym tyler, tyler pill, adam conley, conley mia, mia vance, vance worley, worley mia, mia domingo, domingo german, german nyy, casey lawrence, lawrence seator, seator joe, joe jimenez, jimenez det, det adam, adam kolarek, chris beck, beck chw, chw evan, evan scribner, scribner sea, sea ramirez, ramirez laa, tim adleman, adleman cin, cin josh, josh collmenter, collmenter atl, ryan garton, garton seatb, seatb source, source seamheadscom, seamheadscom however, however from, from efficiency, efficiency standpoint, standpoint the, best season, season came, came not, knebel diaz, diaz but, the los, with perfect, perfect record, the mostever, mostever goose, broken egg, egg the, his 681, pitched coincide, coincide with, much few, replacement gwar, gwar the, regular season, season the, alltime kenley, jansen season, highest singleseason, singleseason goose, replacement gwar, gwar pitcher, mehs gwar, gwar stu, stu miller, miller 1965, rich gossage, gossage 1975, mariano rivera, rivera 1996, ron perranoski, perranoski 1969, troy percival, percival 1996, willie hernandez, hernandez 1984, kenley jansen, jansen 2017, doug corbett, corbett 1980, lyle 1977, sources retrosheet, retrosheet the, the baseball, baseball gauge, gauge jansen, jansen also, the exception, proves the, the rule, provide all, much value, value when, when you, you pitch, about how, much the, the next, mostvaluable season, season came, came from, from knebel, knebel who, with gwar, among relief, want model, model for, for more, more gossagelike, gossagelike usage, pattern you, further than, than how, how jansen, jansen was, the postseason, postseason jansen, full 162game, regular season, would work, work out, mike marshalllike, marshalllike total, didn keep, keep his, his perfect, perfect streak, alive the, was also, for instance, instance close, close out, against the, the chicago, the nlcs, his postseason, goose egg, egg pace, pace would, would extrapolate, regular season, hybrid between, between how, jansen are, regular season, and the, different way, the postseason, postseason the, the extra, provide help, creative usage, might not, viable the, regular season, season and, jansen may, may have, have been, nlcs and, perhaps result, the world, the same, time went, throwing percent, percent the, regular season, percent their, their postseason, threefold increase, happy median, between but, jansen and, and knebel, knebel and, our hunt, hunt for, the meantime, meantime you, can download, kenley jansen the, jansen the model, model modern reliever, modern reliever nate, reliever nate silver, filed under baseball, baseball get the, get the data, the data github, data github github, github github data, github data datagoose, data datagoose kenley, datagoose kenley jansen, kenley jansen was, was used highleverage, closers harry how, find our new, new goose gossage, goose gossage but, did get glimpse, glimpse what one, what one might, one might look, look like baseball, baseball justconcluded postseason, justconcluded postseason this, postseason this spring, statistic called the, called the goose, the goose egg, named honor gossage, honor gossage the, gossage the halloffame, the halloffame reliever, halloffame reliever who, who had record, had record goose, gets goose egg, egg for every, for every clutch, every clutch scoreless, clutch scoreless relief, the original article, article for more, more formal definition, substantially better correlation, better correlation with, relievers win probability, with their companion, companion statistic the, statistic the broken, the broken egg, broken egg this, year major leader, major leader goose, leader goose eggs, was the milwaukee, brewers corey knebel, corey knebel who, finished with them, with them the, the american league, american league leader, mariners edwin diaz, edwin diaz who, you can find, year final goose, the table below, table below broken, below broken egg, the blown save, blown save goose, meh any situation, situation which doesn, which doesn result, either goose egg, the golden egg, final goose egg, for 2017 pitcher▲▼, broken eggs▲▼ mehs▲▼, eggs▲▼ mehs▲▼ gwar▲▼, mehs▲▼ gwar▲▼ corey, gwar▲▼ corey knebel, corey knebel mil, knebel mil kenley, mil kenley jansen, kenley jansen lad, jansen lad edwin, lad edwin diaz, edwin diaz sea, sea alex colome, alex colome brad, colome brad hand, brad hand felipe, hand felipe rivero, felipe rivero pit, rivero pit addison, reed bosnym brandon, bosnym brandon kintzler, brandon kintzler minwas, kintzler minwas fernando, minwas fernando rodney, fernando rodney ari, andrew miller cle, miller cle raisel, cle raisel iglesias, cin craig kimbrel, bos archie bradley, archie bradley ari, bradley ari hector, phi brad brach, brach bal roberto, bal roberto osuna, roberto osuna tor, wade davis chc, davis chc tommy, chc tommy hunter, hunter bryan shaw, bryan shaw cle, shaw cle cody, cody allen cle, allen cle joakim, cle joakim soria, joakim soria pat, soria pat neshek, pat neshek colphi, colphi nick vincent, nick vincent sea, vincent sea david, sea david robertson, david robertson chwnyy, robertson chwnyy mike, chwnyy mike minor, mike minor arodys, minor arodys vizcaino, vizcaino atl greg, atl greg holland, greg holland col, holland col kelvin, col kelvin herrera, kelvin herrera sam, herrera sam dyson, sam dyson sftex, sftex alex claudio, alex claudio tex, claudio tex hunter, tex hunter strickland, hunter strickland michael, michael lorenzen cin, lorenzen cin jacob, mil chris devenski, chris devenski hou, hou ryan tepera, ryan tepera tor, tepera tor trevor, stl sean doolittle, sean doolittle oakwas, doolittle oakwas anthony, oakwas anthony swarzak, anthony swarzak chwmil, chwmil ryan madson, ryan madson oakwas, justin wilson chcdet, wilson chcdet dellin, blake parker laa, parker laa tony, laa tony watson, tony watson ladpit, ladpit ramos mianym, ramos mianym seunghwan, mianym seunghwan stl, stl matt belisle, matt belisle min, belisle min kyle, kyle barraclough mia, barraclough mia juan, mia juan nicasio, juan nicasio phipit, chc blake treinen, blake treinen oakwas, treinen oakwas shane, oakwas shane greene, det jose ramirez, jose ramirez atl, ramirez atl joe, atl joe smith, joe smith cletor, cletor pedro strop, pedro strop chc, strop chc aroldis, chc aroldis chapman, matthew bowman stl, bowman stl jim, stl jim johnson, jim johnson atl, johnson atl brandon, atl brandon maurer, maurer kcsd zach, kcsd zach britton, britton bal mychal, givens bal will, harris hou jerry, blevins nym taylor, min bud norris, bud norris laa, joaquin benoit phipit, benoit phipit matt, phipit matt bush, matt bush tex, tex santiago casilla, santiago casilla oak, casilla oak luis, oak luis garcia, luis garcia phi, garcia phi tommy, phi tommy kahnle, tommy kahnle chwnyy, kahnle chwnyy david, david phelps miasea, phelps miasea mike, miasea mike dunn, mike dunn col, dunn col david, col david hernandez, david hernandez arilaa, hernandez arilaa matt, was wandy peralta, wandy peralta cin, peralta cin brett, cin brett cecil, stl jake mcgee, jake mcgee col, mcgee col mark, col mark melancon, melancon ryan buchter, ryan buchter kcsd, buchter kcsd koji, kcsd koji uehara, koji uehara chc, chc mike montgomery, mike montgomery chc, montgomery chc danny, chc danny farquhar, danny farquhar chwtb, farquhar chwtb enny, chwtb enny romero, enny romero was, junichi tazawa mia, tazawa mia pedro, mia pedro baez, day bal chris, bal chris rusin, chris rusin col, james pazos sea, pazos sea cam, cam bedrosian laa, bedrosian laa adam, laa adam ottavino, adam ottavino col, col alex wilson, alex wilson det, wilson det sam, det sam freeman, cory gearrin brad, gearrin brad ziegler, brad ziegler mia, bos josh hader, josh hader mil, hader mil brandon, mil brandon morrow, brandon morrow lad, morrow lad jorge, lad jorge rosa, jorge rosa ari, rosa ari liam, liam hendriks oak, hendriks oak george, pitsf paul sewald, paul sewald nym, drew steckenrider mia, steckenrider mia derek, mia derek law, derek law tyler, lyons stl hector, stl hector rondon, hector rondon chc, rondon chc tyler, chc tyler duffey, tyler duffey min, duffey min marc, min marc rzepczynski, marc rzepczynski sea, rzepczynski sea peter, sea peter moylan, moylan juan minaya, juan minaya chw, chw steve cishek, steve cishek seatb, seatb kenyan middleton, kenyan middleton laa, keone kela tex, kela tex adam, tex adam warren, adam warren nyy, hughes mil heath, mil heath hembree, heath hembree bos, hembree bos neftali, bos neftali feliz, feliz kcmil luke, kcmil luke gregerson, luke gregerson hou, gregerson hou ross, stripling lad tyler, lad tyler clippard, tyler clippard chwhou, clippard chwhou miguel, chwhou miguel castro, castro bal adam, bal adam morgan, morgan phi joe, phi joe biagini, joe biagini tor, biagini tor trevor, tor trevor hildenberger, trevor hildenberger min, min dominic leone, dominic leone tor, jose alvarado hansel, hatcher ladoak edubray, ladoak edubray ramos, edubray ramos phi, ramos phi joe, joe musgrove hou, siegrist phistl koda, phistl koda glover, koda glover was, glover was jeurys, jeurys familia nym, familia nym josh, nym josh smoker, josh smoker nym, smoker nym scott, nym scott alexander, scott alexander tony, alexander tony zych, tony zych sea, sea daniel hudson, daniel hudson pit, hudson pit fernando, danny barnes tor, barnes tor carlos, tor carlos ramirez, carlos ramirez tor, ramirez tor erasmo, tor erasmo ramirez, erasmo ramirez scott, ramirez scott oberg, scott oberg col, brandon workman bos, workman bos deolis, bos deolis guerra, deolis guerra laa, guerra laa jeanmar, laa jeanmar gomez, jeanmar gomez phi, gomez phi tony, phi tony cingrani, tony cingrani cinlad, tex tony barnette, tony barnette tex, tex phil maton, phil maton steven, jake diekman tex, diekman tex blaine, tex blaine boyer, blaine boyer bos, boyer bos jonathan, bos jonathan holder, jonathan holder nyy, holder nyy oliver, nyy oliver perez, chasen shreve nyy, shreve nyy mcfarland, ari ian krol, ian krol atl, krol atl shawn, atl shawn kelley, shawn kelley was, kelley was hoover, ryan dull oak, dull oak sergio, oak sergio romo, sergio romo ladtb, duensing chc chase, chc chase whitley, chase whitley carlos, torres mil luis, mil luis avilan, lad jumbo diaz, jumbo diaz josh, fields lad hector, lad hector velazquez, hector velazquez bos, velazquez bos randall, bos randall delgado, randall delgado ari, delgado ari fernando, ari fernando abad, jarlin garcia mia, garcia mia robby, mia robby scott, robby scott bos, scott bos jacob, bos jacob turner, jacob turner was, joely rodriguez phi, rodriguez phi josh, phi josh edgin, josh edgin nym, edgin nym aaron, nym aaron loup, aaron loup tor, pit brian ellington, brian ellington mia, andrew chafin ari, chafin ari logan, verrett bal austin, bal austin brice, austin brice cin, brice cin nate, hou justin grimm, justin grimm chc, grimm chc dustin, chc dustin mcgowan, dustin mcgowan mia, mcgowan mia doug, mia doug fister, doug fister bos, bos donnie hart, bleier bal austin, bal austin pruitt, drew storen cin, storen cin sammy, cin sammy solis, sammy solis was, solis was josh, josh osich bruce, osich bruce rondon, bruce rondon det, rondon det dan, det dan altavilla, dan altavilla sea, sea blake wood, blake wood cin, cin joe blanton, joe blanton was, blanton was albert, was albert suarez, albert suarez jason, suarez jason grilli, jason grilli textor, grilli textor brad, textor brad boxberger, boxberger oliver drake, oliver drake mil, drake mil sam, mil sam tuivailala, sam tuivailala stl, tuivailala stl aaron, stl aaron bummer, aaron bummer chw, bummer chw daniel, chw daniel coulombe, daniel coulombe oak, coulombe oak carlos, oak carlos estevez, carlos estevez col, estevez col matt, col matt dermody, matt dermody tor, dermody tor jimmy, tor jimmy yacabonis, jimmy yacabonis bal, yacabonis bal alan, min bryan morris, bryan morris chasen, morris chasen bradford, chasen bradford nym, bradford nym jenho, jenho tseng chc, chc alex wood, alex wood lad, alec asher bal, bal mike bolsinger, mike bolsinger tor, bolsinger tor tom, tor tom koehler, tom koehler tor, chris rowley tor, drew verhagen det, verhagen det buddy, det buddy baumann, buddy baumann john, baumann john brebbia, john brebbia stl, chad green nyy, green nyy greg, greg infante chw, infante chw jhan, chw jhan marinez, jhan marinez milpit, marinez milpit casey, milpit casey fien, casey fien phisea, fien phisea travis, phisea travis wood, travis wood rex, brothers atl emilio, emilio pagan sea, pagan sea francisco, sea francisco rodriguez, francisco rodriguez det, rodriguez det dan, det dan otero, dan otero cle, cle tyler olson, tyler olson cle, olson cle carson, cle carson smith, carson smith bos, smith bos austin, bos austin maddox, austin maddox bos, maddox bos dario, bos dario alvarez, jake junis trevor, junis trevor cahill, cahill jake barrett, jake barrett ari, barrett ari zach, zach putnam chw, putnam chw asher, chw asher wojciechowski, asher wojciechowski cin, wojciechowski cin schugel, cin schugel pit, schugel pit blach, pit blach jamie, blach jamie callahan, jamie callahan nym, callahan nym brock, nym brock stewart, brock stewart lad, luis santos tor, kyle ryan det, det andrew kittredge, andrew kittredge eduardo, josh smith oak, oak eric flaherty, eric flaherty atl, flaherty atl jason, atl jason motte, jason motte atl, atl matt grace, matt grace was, grace was victor, was victor arano, victor arano phi, phi robert gsellman, robert gsellman nym, gsellman nym jacob, nym jacob rhame, jacob rhame nym, rhame nym ricardo, jake petricka chw, petricka chw simon, chw simon castro, simon castro oak, castro oak francisco, oak francisco liriano, francisco liriano hou, hou robert stephenson, robert stephenson cin, cin ryan sherriff, ryan sherriff stl, sherriff stl matt, stl matt strahm, strahm wade leblanc, wade leblanc pit, leblanc pit daniel, pit daniel stumpf, daniel stumpf det, stumpf det jeremy, det jeremy jeffress, jeremy jeffress miltex, jeffress miltex dan, jennings chwtb boone, boone logan cle, logan cle tyler, cle tyler anderson, tyler anderson col, anderson col ben, col ben taylor, ben taylor bos, bos david price, robbie ross bos, ross bos tanner, tex ben heller, ben heller nyy, heller nyy chris, nyy chris young, chris young kevin, young kevin mccarthy, kevin mccarthy dillon, mccarthy dillon gee, dillon gee min, gee min gabriel, min gabriel moya, gabriel moya min, moya min jimmie, min jimmie sherfy, jimmie sherfy ari, laa jean machi, jean machi sea, machi sea mike, sea mike morin, mike morin laa, morin laa yovani, laa yovani gallardo, yovani gallardo sea, gallardo sea brad, sea brad peacock, brad peacock hou, peacock hou jackson, stephens cin luke, cin luke jackson, jackson atl cole, atl cole was, cole was matt, was matt cain, matt cain miguel, cain miguel socolovich, miguel socolovich stl, stl kyle mcgrath, kyle mcgrath kyle, mcgrath kyle crick, kyle crick felix, crick felix pena, felix pena chc, pena chc dillon, chc odrisamer despaigne, odrisamer despaigne mia, despaigne mia chris, chris grady mia, grady mia tyler, mia tyler chatwood, tyler chatwood col, chatwood col caleb, col caleb smith, caleb smith nyy, smith nyy jeff, nyy jeff beliveau, jeff beliveau tor, beliveau tor tyler, tor tyler wilson, wilson bal justin, bal justin haley, justin haley min, haley min warwick, saupold det tom, det tom wilhelmsen, tom wilhelmsen ari, wilhelmsen ari frankie, james hoyt hou, hoyt hou michael, hou michael feliz, michael feliz hou, feliz hou tony, hou tony sipp, tony sipp hou, sipp hou rob, hou rob scahill, mil amir garrett, amir garrett cin, garrett cin dan, cin dan winkler, dan winkler atl, winkler atl minter, atl minter atl, minter atl hoby, atl hoby milner, milner phi zach, phi zach duke, zach duke stl, stl grant dayton, grant dayton lad, lad javy guerra, javy guerra mia, guerra mia josh, mia josh ravin, josh ravin lad, lad zach mcallister, zach mcallister cle, mcallister cle alburquerque, cle alburquerque chwkc, alburquerque chwkc jesse, chwkc jesse chavez, jesse chavez laa, chavez laa john, laa john axford, john axford oak, wily peralta mil, peralta mil kevin, mil kevin shackelford, kevin shackelford cin, shackelford cin ricardo, cin ricardo pinto, ricardo pinto phi, pinto phi erik, phi erik goeddel, erik goeddel nym, broxton stl kevin, stl kevin quackenbush, kevin quackenbush blaine, quackenbush blaine hardy, blaine hardy det, hardy det rafael, det rafael montero, rafael montero nym, montero nym akeel, akeel morris atl, romine det brent, det brent suter, brent suter mil, det dan runzler, dan runzler pit, runzler pit gabriel, pit gabriel ynoa, ynoa bal justin, bal justin nicolino, justin nicolino mia, nicolino mia lucas, mia lucas harrell, lucas harrell tor, harrell tor mike, tor mike pelfrey, mike pelfrey chw, pelfrey chw parker, chw parker bridwell, parker bridwell laa, bridwell laa brad, laa brad goldberg, brad goldberg chw, goldberg chw ariel, chw ariel hernandez, ariel hernandez cin, hernandez cin reymin, reymin guduan hou, guduan hou troy, hou troy scribner, troy scribner laa, scribner laa austin, laa austin bibensdirkx, austin bibensdirkx tex, bibensdirkx tex tim, tex tim mayza, tim mayza tor, mayza tor mike, tor mike clevinger, mike clevinger cle, clevinger cle nick, cle nick goody, nick goody cle, goody cle ernesto, cle ernesto frieri, ernesto frieri tex, frieri tex bryan, tex bryan mitchell, bryan mitchell nyy, mitchell nyy giovanny, nyy ronald herrera, ronald herrera nyy, herrera nyy howell, nyy howell tor, howell tor jayson, tor jayson aquino, aquino bal stefan, bal stefan chrichton, chrichton bal vidal, bal vidal nuno, craig breslow clemin, breslow clemin hector, clemin hector santiago, hector santiago min, santiago min rubby, min rubby rosa, rubby rosa ari, rosa ari chase, chase jong sea, sea christian bergman, christian bergman sea, bergman sea diego, sea diego moreno, diego moreno ryne, moreno ryne stanek, ryne stanek xavier, stanek xavier cedeno, cedeno sam moll, sam moll oak, moll oak jandel, jandel gustave hou, gustave hou antonio, hou antonio bastardo, antonio bastardo pit, bastardo pit johnny, pit johnny barbato, johnny barbato pit, barbato pit tyler, pit tyler glasnow, tyler glasnow pit, glasnow pit mark, pit mark leiter, mark leiter phi, leiter phi miguel, phi miguel diaz, miguel diaz neil, diaz neil ramirez, ramirez nym tyler, nym tyler pill, adam conley mia, conley mia vance, mia vance worley, vance worley mia, worley mia domingo, mia domingo german, domingo german nyy, german nyy buddy, min casey lawrence, casey lawrence seator, lawrence seator joe, seator joe jimenez, joe jimenez det, jimenez det adam, det adam kolarek, adam kolarek chris, kolarek chris beck, chris beck chw, beck chw evan, chw evan scribner, evan scribner sea, scribner sea ramirez, sea ramirez laa, ramirez laa shae, sea tim adleman, tim adleman cin, cin josh collmenter, josh collmenter atl, atl ryan garton, ryan garton seatb, garton seatb source, seatb source seamheadscom, source seamheadscom however, seamheadscom however from, however from efficiency, from efficiency standpoint, efficiency standpoint the, the best season, best season came, season came not, came not from, not from knebel, from knebel diaz, knebel diaz but, from the los, who finished with, finished with perfect, with perfect record, perfect record goose, that the mostever, without broken egg, broken egg the, jansen smartly and, innings pitched coincide, pitched coincide with, doing much few, jansen generated goose, the regular season, regular season the, total alltime kenley, kenley jansen season, jansen season was, goosetoric highest singleseason, highest singleseason goose, above replacement gwar, replacement gwar pitcher, broken eggs mehs, mehs gwar stu, gwar stu miller, stu miller 1965, rich gossage 1975, gossage 1975 mariano, mariano rivera 1996, rivera 1996 ron, ron perranoski 1969, perranoski 1969 troy, troy percival 1996, percival 1996 willie, willie hernandez 1984, hernandez 1984 kenley, kenley jansen 2017, jansen 2017 doug, doug corbett 1980, ted abernathy 1967, abernathy 1967 sparky, sparky lyle 1977, sources retrosheet the, retrosheet the baseball, the baseball gauge, baseball gauge jansen, also the exception, proves the rule, hard provide all, that much value, much value when, value when you, which about how, how much the, jansen the next, next mostvaluable season, mostvaluable season came, season came from, came from knebel, from knebel who, finished with gwar, you want model, want model for, model for more, more gossagelike usage, pattern you need, you need look, further than how, than how jansen, how jansen was, the postseason jansen, out full 162game, that would work, would work out, marshalllike total 180, total 180 relief, relief innings jansen, innings jansen didn, jansen didn keep, didn keep his, keep his perfect, his perfect streak, streak alive the, recommend for instance, close out 111, cubs the nlcs, the nlcs still, still his postseason, postseason goose egg, goose egg pace, pace would extrapolate, would extrapolate goose, hybrid between how, like jansen are, the regular season, season and the, way that they, the postseason the, postseason the extra, help enable more, more creative usage, the regular season, regular season and, those extra rest, been overused notveryclutch, the nlcs and, sharp the world, same time went, throwing percent the, dodgers regular season, percent their postseason, almost threefold increase, there happy median, somewhere between but, congratulations jansen and, jansen and knebel, and knebel and, resume our hunt, year the meantime, the meantime you, you can download, eggs for all, pitchers since 1930, since 1930 here')

('JJ', 'modern, many, getty, new, goose, glimpse, new, goose, honor, pitcher, goose, original, formal, added, paired, statistic, major, american, diaz, complete, rundown, final, broken, goose, goose, golden, final, goose, eggs▲▼, diaz, alex, bosnym, fernando, miller, iglesias, neris, bal, davis, allen, neshek, nick, minor, alex, chris, stl, sean, yusmeiro, tony, nicasio, blake, jose, pedro, nyy, brandon, bal, nym, bud, norris, bush, mike, peralta, stl, ryan, uehara, junichi, lad, bedrosian, alex, freeman, atl, bos, lad, juan, kenyan, craig, kela, mil, neftali, lad, morgan, phi, dominic, alvarado, phistl, nym, nym, danny, ramirez, tony, leclerc, okert, blaine, jonathan, nick, ian, ryan, dull, brian, chc, luis, lad, jumbo, lad, fernando, abad, rodriguez, nym, min, neverauskas, brian, chafin, logan, francis, donnie, bal, bal, storen, osich, min, bryan, alex, verhagen, green, nyy, pagan, wojciechowski, nym, col, luis, ryan, eric, nym, nym, petricka, castro, logan, david, ben, young, mccarthy, brooks, jean, cin, atl, socolovich, kyle, odrisamer, grady, bal, det, hou, tony, javy, lad, wily, quackenbush, nym, romine, bal, brad, guduan, austin, giovanny, nyy, bal, bal, min, ari, christian, antonio, nym, domingo, german, casey, chris, tim, ryan, perfect, broken, highleverage, base, goose, replacement, gwar, regular, total, alltime, goosetoric, goose, eggs, rich, abernathy, lyle, much, next, mostvaluable, gwar, relief, pattern, full, regular, marshalllike, total, perfect, streak, alive, broken, lead, goose, regular, hybrid, regular, different, extra, creative, regular, extra, nlcs, sharp, regular, threefold, happy, somewhere, knebel, eggs, jansen the, model modern, under baseball, used highleverage, like many, how getty, searching didn, find our, new goose, one might, introduced new, new pitching, pitching statistic, named honor, egg for, see the, the original, more formal, substantially better, added than, paired with, with their, companion statistic, this year, year major, was the, finished with, the american, was the, the seattle, had you, you can, find complete, this year, year final, the table, essentially the, save goose, meh any, either goose, corey knebel, the golden, egg final, final goose, for 2017, team▲▼ goose, broken eggs▲▼, edwin diaz, sea alex, reed bosnym, andrew miller, iglesias cin, archie bradley, neris phi, brach bal, wade davis, cody allen, neshek colphi, colphi nick, sftex alex, mil chris, trevor rosenthal, rosenthal stl, stl sean, hou justin, nyy yusmeiro, ladpit ramos, stl matt, min kyle, nicasio phipit, oakwas shane, det jose, nyy matthew, givens bal, blevins nym, min bud, norris laa, laa matt, joaquin benoit, luis garcia, was wandy, melancon ryan, uehara chc, was kirby, yates laasd, laasd junichi, day bal, cam bedrosian, col alex, atl cory, bos josh, liam hendriks, moylan juan, seatb kenyan, laa craig, keone kela, hughes mil, neftali feliz, stripling lad, castro bal, adam morgan, min dominic, tor jose, hou kevin, nym josh, laanym danny, steven okert, tex blaine, perez was, was nick, shreve nyy, ari ian, ari ryan, ladtb brian, mil luis, avilan lad, lad jumbo, fields lad, joely rodriguez, pressly min, neverauskas pit, pit brian, laa jose, andrew chafin, ari logan, logan verrett, hou justin, hart bal, bleier bal, drew storen, was albert, oliver drake, yacabonis bal, min bryan, nym jenho, chc alex, asher bal, drew verhagen, chad green, atl emilio, emilio pagan, austin maddox, qualls col, col luis, tor kyle, kyle ryan, andrew kittredge, paredes laa, oak eric, atl matt, nym jacob, nym ricardo, jake petricka, oak francisco, boone logan, tex ben, nyy chris, pounders laa, laa jean, stephens cin, stl kyle, chris grady, wilson bal, saupold det, james hoyt, mil amir, stl grant, lad javy, wily peralta, andrew romine, ynoa bal, reymin guduan, laa austin, austin bibensdirkx, nyy giovanny, nyy ronald, aquino bal, nuno bal, chase jong, sea christian, xavier cedeno, hou antonio, neil ramirez, nym adam, nyy buddy, min casey, laa shae, sea tim, atl ryan, from knebel, from the, finished with, that the, without broken, used jansen, lined his, innings pitched, mostly highleverage, entered with, games all, doing much, generated goose, above replacement, the regular, total alltime, was goosetoric, above replacement, broken eggs, eggs mehs, ted abernathy, sparky lyle, also the, that much, innings which, how much, jansen the, next mostvaluable, finished with, gwar which, just 200th, you want, usage pattern, used the, appeared the, threw 162, out full, innings jansen, jansen didn, streak alive, allowed broken, with goose, used some, recommend for, cubs the, still his, postseason goose, advocating for, for hybrid, used the, the regular, entirely different, used the, offdays the, help enable, more creative, that might, not viable, the regular, with those, those extra, overused notveryclutch, the nlcs, sharp the, series the, same time, dodgers regular, almost threefold, surely there, there happy, somewhere between, resume our, for goose, eggs next, year the, you can, for all, since 1930, nov 2017 1139, the model modern, not exclusively save, situations like many, harry how getty, images after year, searching didn our, our find our, our new goose, spring introduced new, new pitching statistic, egg named honor, pitcher gets goose, goose egg for, inning see the, see the original, for more formal, have substantially better, probability added than, paired with their, their companion statistic, egg this year, this year major, eggs was the, them the american, leader was the, was the seattle, who had you, had you can, can find complete, complete rundown this, rundown this year, this year final, stats the table, egg essentially the, essentially the blown, stats and meh, and meh any, result either goose, broken egg corey, egg corey knebel, gets the golden, golden egg final, egg final goose, stats for 2017, pitcher▲▼ team▲▼ goose, eggs▲▼ broken eggs▲▼, diaz sea alex, addison reed bosnym, ari andrew miller, iglesias cin craig, hector neris phi, neris phi brad, brad brach bal, tor wade davis, tommy hunter bryan, cle cody allen, neshek colphi nick, dyson sftex alex, strickland michael lorenzen, barnes mil chris, devenski hou ryan, tor trevor rosenthal, trevor rosenthal stl, rosenthal stl sean, swarzak chwmil ryan, hou justin wilson, betances nyy yusmeiro, nyy yusmeiro petit, seunghwan stl matt, nicasio phipit carl, greene det jose, chapman nyy matthew, nyy matthew bowman, mychal givens bal, will harris hou, jerry blevins nym, rogers min bud, norris laa matt, bos joaquin benoit, albers was wandy, cecil stl jake, mark melancon ryan, uehara chc mike, romero was kirby, pedro baez lad, lad darren day, darren day bal, col james pazos, sea cam bedrosian, ottavino col alex, freeman atl cory, atl cory gearrin, kelly bos josh, ari liam hendriks, peter moylan juan, cishek seatb kenyan, middleton laa craig, stammen keone kela, jared hughes mil, neftali feliz kcmil, ross stripling lad, miguel castro bal, adam morgan phi, hildenberger min dominic, leone tor jose, tor jose alvarado, chris hatcher ladoak, kevin siegrist phistl, salas laanym danny, col brandon workman, leclerc tex tony, okert jake diekman, perez was nick, wittgren mia chasen, nyy mcfarland ari, mcfarland ari ian, hoover ari ryan, ari ryan dull, romo ladtb brian, brian duensing chc, carlos torres mil, luis avilan lad, avilan lad jumbo, josh fields lad, bos jarlin garcia, was joely rodriguez, ryan pressly min, dovydas neverauskas pit, neverauskas pit brian, alvarez laa jose, torres andrew chafin, logan verrett bal, martes hou justin, fister bos donnie, richard bleier bal, pruitt drew storen, was josh osich, alan busenitz min, busenitz min bryan, nym jenho tseng, tseng chc alex, tor chris rowley, tor drew verhagen, stl chad green, nyy greg infante, atl emilio pagan, tex jake junis, ari zach putnam, chad qualls col, qualls col jordan, lyles col luis, santos tor kyle, tor kyle ryan, paredes laa josh, laa josh smith, smith oak eric, arano phi robert, nym ricardo rodriguez, tex jake petricka, liriano hou robert, stephenson cin ryan, chwtb boone logan, taylor bos david, scheppers tex ben, brooks pounders laa, pounders laa jean, jackson stephens cin, luke jackson atl, socolovich stl kyle, mia chris grady, tyler wilson bal, warwick saupold det, scahill mil amir, hoby milner phi, duke stl grant, dayton lad javy, oak wily peralta, jonathan broxton stl, nym akeel morris, atl andrew romine, andrew romine det, gabriel ynoa bal, cin reymin guduan, gallegos nyy ronald, jayson aquino bal, stefan chrichton bal, vidal nuno bal, ari chase jong, jong sea christian, neil ramirez nym, pill nym adam, nym adam conley, boshers min casey, simmons sea tim, collmenter atl ryan, but from the, eggs that the, eggs without broken, and lined his, lined his 681, with mostly highleverage, appearances entered with, tied games all, weren doing much, wins above replacement, replacement gwar the, gwar the regular, the 7thhighest total, season was goosetoric, wins above replacement, pitcher year goose, eggs broken eggs, eggs mehs gwar, jansen also the, that proves the, all that much, about how much, after jansen the, the next mostvaluable, who finished with, with gwar which, just 200th among, seasons alltime you, alltime you want, for more gossagelike, gossagelike usage pattern, usage pattern you, was used the, used the postseason, jansen appeared the, games and threw, and threw 162, extrapolated out full, full 162game regular, mike marshalllike total, perfect streak alive, instead allowed broken, eggs with goose, also used some, wouldn recommend for, lead against the, chicago cubs the, his postseason goose, egg pace would, over 162game regular, really advocating for, advocating for hybrid, for hybrid between, currently used the, used the regular, the entirely different, they used the, used the postseason, extra offdays the, provide help enable, enable more creative, might not viable, not viable the, viable the regular, even with those, with those extra, situations the nlcs, result was not, especially sharp the, series the same, the same time, from throwing percent, the dodgers regular, innings 123 percent, innings almost threefold, increase surely there, surely there happy, median somewhere between, and resume our, hunt for goose, goose eggs next, next year the, meantime you can')

('VBN', 'filed, used, named, finished, blown, broken, broken, ken, steven, hou, finished, broken, pitched, tied, broken, jansen, used, extrapolated, used, overused, detailed, was used, probability added, egg broken, eggs▲▼ broken, oakwas ken, maton steven, mia chasen, gustave hou, and broken, and lined, appearances entered, often pitched, pitched tied, jansen generated, innings extrapolated, instead allowed, like jansen, was not, and broken, jansen was used, goose egg broken, goose eggs▲▼ broken, madson oakwas ken, jansen who finished, eggs and broken, multiinning appearances entered, and often pitched, often pitched tied, and jansen generated, goose eggs broken, playoffs instead allowed, was also used, pitchers like jansen, season and even, have been overused, eggs and broken')

('NNS', 'data, data, situations, situations, closers, images, eggs, eggs, relievers, saves, eggs, brewers, mariners, stats, stats, stats, barnes, giles, betances, laa, edwards, givens, rogers, barnes, albers, yates, darren, james, kontos, lyons, stammen, hughes, robles, kevin, salas, barnes, bos, torres, fields, bos, dovydas, torres, jones, martes, brothers, tex, qualls, lyles, santos, paredes, tex, jennings, bos, scheppers, pounders, machi, maples, montas, james, gallegos, boshers, simmons, dodgers, eggs, eggs, eggs, dodgers, jansen, innings, situations, appearances, runners, times, games, things, closers, years, wins, wins, eggs, sources, innings, relievers, ranks, seasons, jansen, dodgers, games, innings, innings, playoffs, eggs, eggs, situations, eggs, pitchers, offdays, playoffs, patterns, days, situations, nlds, dodgers, innings, congratulations, eggs, data, eggs, pitchers, kenley jansen, highleverage situations, save situations, many closers, getty images, goose eggs, pitcher gets, goose eggs, with relievers, than saves, goose eggs, milwaukee brewers, seattle mariners, goose stats, goose stats, knebel gets, egg stats, kimbrel bos, jacob barnes, ken giles, dellin betances, petit laa, carl edwards, taylor rogers, matt barnes, barnes bos, matt albers, col james, tyler lyons, craig stammen, jared hughes, hansel robles, fernando salas, danny barnes, boyer bos, nick wittgren, carlos torres, josh fields, min dovydas, jose torres, nate jones, francis martes, rex brothers, alvarez tex, chad qualls, jordan lyles, rodriguez tex, dan jennings, tanner scheppers, brooks pounders, dillon maples, frankie montas, giovanny gallegos, buddy boshers, shae simmons, angeles dodgers, kenley jansen, jansen who, goose eggs, broken eggs, goose eggs, the dodgers, highleverage situations, multiinning appearances, with runners, base times, tied games, all things, that closers, few years, goose wins, kenley jansen, goose wins, goose eggs, best relievers, pitch nowadays, which ranks, pitching seasons, the dodgers, playoff games, 162 innings, relief innings, the playoffs, broken eggs, goose eggs, some situations, goose eggs, how pitchers, the playoffs, rest days, notveryclutch situations, and nlds, nlds perhaps, the dodgers, season innings, postseason innings, but congratulations, goose eggs, detailed data, goose eggs, broken eggs, all pitchers, used highleverage situations, exclusively save situations, like many closers, how getty images, record goose eggs, essentially pitcher gets, definition goose eggs, correlation with relievers, added than saves, the milwaukee brewers, the seattle mariners, final goose stats, save goose stats, corey knebel gets, goose egg stats, team▲▼ goose eggs▲▼, craig kimbrel bos, cin jacob barnes, oakwas ken giles, giles hou justin, chcdet dellin betances, yusmeiro petit laa, phipit carl edwards, nym taylor rogers, laa matt barnes, matt barnes bos, arilaa matt albers, baez lad darren, oak george kontos, law tyler lyons, laa craig stammen, nyy jared hughes, alvarado hansel robles, musgrove hou kevin, pit fernando salas, laanym danny barnes, cinlad jose leclerc, maton steven okert, was nick wittgren, diaz josh fields, fernando abad bos, pressly min dovydas, mia jose alvarez, laa jose torres, cin nate jones, chw francis martes, wood rex brothers, dario alvarez tex, lad chad qualls, col jordan lyles, col luis santos, kittredge eduardo paredes, ricardo rodriguez tex, miltex dan jennings, david price bos, bos tanner scheppers, ari brooks pounders, chc dillon maples, ari frankie montas, montas oak james, chad bell det, nyy giovanny gallegos, nyy buddy boshers, laa shae simmons, the los angeles, los angeles dodgers, dodgers kenley jansen, record goose eggs, mostever goose eggs, egg the dodgers, his 681 innings, mostly highleverage situations, made multiinning appearances, entered with runners, runners base times, pitched tied games, games all things, things that closers, much few years, generated goose wins, alltime kenley jansen, singleseason goose wins, year goose eggs, lyle 1977 sources, pitch only innings, the best relievers, relievers pitch nowadays, gwar which ranks, relief pitching seasons, appeared the dodgers, dodgers playoff games, threw 162 innings, alive the playoffs, allowed broken eggs, with goose eggs, used some situations, extrapolate goose eggs, between how pitchers, offdays the playoffs, creative usage patterns, that might not, extra rest days, days jansen may, may have been, overused notveryclutch situations, nlcs and nlds, and nlds perhaps, the world series, percent the dodgers, regular season innings, their postseason innings, between but congratulations, for goose eggs, download detailed data, data goose eggs, and broken eggs, for all pitchers')

('VBP', 'datagoose, save, harry, find, see, win, milwaukee, corey, edwin, find, table, save, meh, edwin, atl, lorenzen, mil, nyy, blake, chc, min, bos, wandy, laasd, pazos, pitsf, stl, steve, keone, nym, siegrist, laanym, carlos, shreve, ari, mil, chw, hou, atl, jake, jake, col, kyle, laa, jake, chwtb, robbie, tex, laa, sea, chc, chris, oak, hoyt, ronald, gustave, pit, min, sea, atl, kenley, goose, retrosheet, provide, pitch, want, need, look, playoff, jansen, goose, recommend, provide, jansen, jansen, goose, broken, situations not, exclusively save, situations like, closers harry, images after, eggs 1975, gets goose, inning see, eggs have, relievers win, egg this, eggs was, brewers corey, mariners edwin, stats the, blown save, stats and, gets the, stats for, lad edwin, bos archie, barnes mil, giles hou, betances nyy, laa blake, edwards chc, atl brandon, kcsd zach, rogers min, bos joaquin, albers was, cecil stl, james pazos, lyons stl, rondon chc, chw steve, stammen keone, robles nym, salas laanym, cinlad jose, wittgren mia, chasen shreve, torres mil, dovydas neverauskas, mia jose, jones chw, martes hou, fister bos, osich bruce, cin joe, brothers atl, tex jake, lyles col, tex jake, jennings chwtb, scheppers tex, maples chc, montas oak, lad zach, gallegos nyy, jandel gustave, boshers min, simmons sea, dodgers kenley, eggs and, smartly and, runners base, times and, closers weren, ago and, wins above, season was, wins above, pitcher year, eggs broken, relievers pitch, after jansen, ranks just, alltime you, you need, dodgers playoff, games and, playoffs instead, eggs with, eggs was, that wouldn, wouldn recommend, out 111, over 162game, pitchers like, season and, playoffs provide, days jansen, situations the, result was, especially sharp, innings 123, innings almost, congratulations jansen, eggs and, eggs for, pitchers since, highleverage situations not, save situations like, many closers harry, getty images after, goose eggs 1975, relief inning see, goose eggs have, with relievers win, milwaukee brewers corey, seattle mariners edwin, goose stats the, goose stats and, knebel gets the, egg stats for, raisel iglesias cin, kimbrel bos archie, arodys vizcaino atl, jacob barnes mil, dellin betances nyy, petit laa blake, carl edwards chc, shane greene det, taylor rogers min, barnes bos joaquin, matt albers was, george kontos pitsf, tyler lyons stl, minaya chw steve, craig stammen keone, hansel robles nym, hou kevin siegrist, fernando salas laanym, cingrani cinlad jose, jose leclerc tex, steven okert jake, nick wittgren mia, mia chasen shreve, was hoover ari, abad bos jarlin, min dovydas neverauskas, ellington mia jose, jose alvarez laa, jones chw francis, francis martes hou, altavilla sea blake, rex brothers atl, alvarez tex jake, jordan lyles col, eduardo paredes laa, rodriguez tex jake, dan jennings chwtb, price bos robbie, tanner scheppers tex, dillon maples chc, frankie montas oak, oak james hoyt, ravin lad zach, goeddel nym jonathan, bell det dan, giovanny gallegos nyy, oak jandel gustave, buddy boshers min, shae simmons sea, adleman cin josh, angeles dodgers kenley, goose eggs and, the mostever goose, goose eggs without, with runners base, base times and, that closers weren, years ago and, gwar pitcher year, when you pitch, only innings which, best relievers pitch, pitch nowadays after, which ranks just, the dodgers playoff, playoff games and, the playoffs instead, broken eggs with, goose eggs was, situations that wouldn, that wouldn recommend, out 111 lead, the chicago cubs, eggs over 162game, how pitchers like, regular season and, playoffs provide help, rest days jansen, jansen may have, notveryclutch situations the, perhaps result was, not especially sharp, world series the, season innings 123, postseason innings almost, but congratulations jansen, eggs next year, goose eggs and, all pitchers since')

('VBG', 'searching, inning, stripling, duensing, multiinning, pitching, advocating, throwing, year searching, this spring, relief inning, ross stripling, made multiinning, weren doing, relief pitching, really advocating, from throwing, after year searching, introduced new pitching, scoreless relief inning, hou ross stripling, ladtb brian duensing, situations made multiinning, closers weren doing, among relief pitching, what really advocating, went from throwing')

('VB', 'get, look, shane, kirby, musgrove, blake, work, keep, extrapolate, goose, enable, viable, notveryclutch, result, did get, chc blake, sea blake, cahill jake, record goose, hard provide, and resume, data goose, under baseball get, but did get, ken giles hou, edwards chc blake, bal will harris, kontos pitsf paul, robles nym chris, trevor cahill jake, rob scahill mil, kenley jansen who, goose wins above, goose wins above, however hard provide, ranks just 200th, knebel and resume, detailed data goose')

('VBD', 'justconcluded, introduced, called, reed, andrew, wade, kyle, kcsd, matt, santiago, drew, jared, ryan, andrew, drew, drew, chad, chad, andrew, wade, saupold, kevin, andrew, chad, laa, santiago, kolarek, came, used, lined, made, entered, pitched, generated, ted, came, finished, appeared, threw, allowed, used, used, went, silver filed, but did, baseball justconcluded, spring introduced, statistic called, egg named, who had, especially paired, who finished, who had, addison reed, ari andrew, tor wade, nym drew, nyy jared, tor ryan, torres andrew, pruitt drew, tor drew, stl chad, lad chad, det andrew, strahm wade, socolovich stl, warwick saupold, atl andrew, mil chad, scribner laa, kolarek chris, who finished, dodgers used, situations made, who finished, was used, jansen appeared, and threw, total 180, also used, chicago cubs, extrapolate goose, currently used, they used, even with, been overused, download detailed, nate silver filed, gossage but did, like baseball justconcluded, this spring introduced, pitching statistic called, goose egg named, reliever who had, formal definition goose, win probability added, saves especially paired, goose eggs was, knebel who finished, diaz who had, pit addison reed, rodney ari andrew, osuna tor wade, smith cletor pedro, brett cecil stl, sam freeman atl, sewald nym drew, warren nyy jared, loup tor ryan, jose torres andrew, austin pruitt drew, koehler tor chris, rowley tor drew, brebbia stl chad, stewart lad chad, ryan det andrew, matt strahm wade, min warwick saupold, morris atl andrew, suter mil chad, the dodgers used, smartly and lined, highleverage situations made, miller 1965 rich, corbett 1980 ted, gauge jansen also, knebel who finished, jansen was used, postseason jansen appeared, season that would, for instance close, are currently used, that they used, patterns that might, our hunt for, can download detailed')

('VBZ', 'gets, gets, blevins, phelps, hendriks, tex, ari, stephens, lad, laa, angeles, proves, postseason, innings, leader was, mychal givens, jerry blevins, david phelps, kirby yates, freeman atl, kelly bos, diekman tex, lad alec, eduardo paredes, ari brooks, jackson stephens, scahill mil, axford oak, pill nym, los angeles, that proves, only innings, that would, that they, extra offdays, usage patterns, world series, league leader was, aroldis chapman nyy, bal mychal givens, hou jerry blevins, chwnyy david phelps, was kirby yates, rusin col james, joe kelly bos, whitley carlos torres, donnie hart bal, sherfy ari brooks, hou jackson stephens, tyler pill nym, exception that proves, look further than, the extra offdays')

('JJR', 'better, steckenrider, filed under, drew steckenrider, chris hatcher, chc odrisamer, stanek xavier, look further, silver filed under, laa blake parker, nym drew steckenrider, bal richard bleier, lad alec asher, maples chc odrisamer')

('NNP', 'knebel, zach, xavier, knebel, knebel, kittredge eduardo, zach britton bal, ziegler mia joe, zych sea daniel, mil chad bell, xavier cedeno sam')

('JJS', 'best, highest, best, the best, the 7thhighest, goosetoric highest, the best, extra rest, standpoint the best, season the 7thhighest, was goosetoric highest, much the best')

